<osworkflow>

	<persistence
		class="com.opensymphony.workflow.spi.jdbc.JDBCWorkflowStore">
		<!--  persistence class="com.opensymphony.workflow.spi.hibernate3.SpringHibernateWorkflowStore"-->

		<property key="datasource" value="jdbc/opencms" />
		<property key="entry.sequence"
			value="select count(*) + 1 from os_wfentry" />
		<property key="entry.table" value="OS_WFENTRY" />
		<property key="entry.id" value="ID" />
		<property key="entry.name" value="NAME" />
		<property key="entry.state" value="STATE" />

		<property key="step.sequence"
			value="select sum(c1) + 1 from (select 1 as
tb, count(*) as c1 from os_currentstep union select 2 as tb, count(*) as c1
from os_historystep) as TabelaFinal" />

		<property key="history.table" value="OS_HISTORYSTEP" />
		<property key="current.table" value="OS_CURRENTSTEP" />
		<property key="historyPrev.table" value="OS_HISTORYSTEP_PREV" />
		<property key="currentPrev.table" value="OS_CURRENTSTEP_PREV" />
		<property key="step.id" value="ID" />
		<property key="step.entryId" value="ENTRY_ID" />
		<property key="step.stepId" value="STEP_ID" />
		<property key="step.actionId" value="ACTION_ID" />
		<property key="step.owner" value="OWNER" />
		<property key="step.caller" value="CALLER" />
		<property key="step.startDate" value="START_DATE" />
		<property key="step.finishDate" value="FINISH_DATE" />
		<property key="step.dueDate" value="DUE_DATE" />
		<property key="step.status" value="STATUS" />
		<property key="step.previousId" value="PREVIOUS_ID" />

		<property key="step.sequence.increment"
			value="INSERT INTO OS_STEPIDS (ID) values (null)" />
		<property key="step.sequence.retrieve"
			value="SELECT max(ID) FROM OS_STEPIDS" />
		<property key="entry.sequence.increment"
			value="INSERT INTO OS_ENTRYIDS (ID) values (null)" />
		<property key="entry.sequence.retrieve"
			value="SELECT max(ID) FROM OS_ENTRYIDS" />

	</persistence>


	<factory
		class="com.opensymphony.workflow.loader.XMLWorkflowFactory">
		<property key="reload" value="true" />
	</factory>
</osworkflow>
