<?xml version="1.0" encoding="UTF-8"?>

<ListWorkflowTypes xmlns:xsi="http://www.w3.org/2001/XMLSchema-instance" xsi:noNamespaceSchemaLocation="opencms://system/modules/com.eurelis.opencms.workflows/schemas/listOfWorkflows.xsd">
  <ListWorkflowType language="en">
    <Instance>
      <Title><![CDATA[MyFirstWorkflow]]></Title>
      <Description name="Description0">
        <links/>
        <content><![CDATA[<p>un workflow de test</p>]]></content>
      </Description>
      <WorkflowFile>
        <link type="WEAK">
          <target><![CDATA[/system/modules/com.eurelis.opencms.workflows/workflows/mySimpleWorkFlow.xml]]></target>
          <uuid>94e6a831-ec86-11dd-980e-2d49c3353fb8</uuid>
        </link>
      </WorkflowFile>
      <RightsFile>
        <link type="WEAK">
          <target><![CDATA[/system/modules/com.eurelis.opencms.workflows/workflows/mySimpleWorkflow-allowance.xml]]></target>
          <uuid>94eb6323-ec86-11dd-980e-2d49c3353fb8</uuid>
        </link>
      </RightsFile>
    </Instance>
    <Instance>
      <Title><![CDATA[Validation Process]]></Title>
      <Description name="Description0">
        <links/>
        <content><![CDATA[<p>Processus de validation basique.</p>]]></content>
      </Description>
      <WorkflowFile>
        <link type="WEAK">
          <target><![CDATA[/system/modules/com.eurelis.opencms.workflows/workflows/ValidationWorkflow.xml]]></target>
          <uuid>94d14b69-ec86-11dd-980e-2d49c3353fb8</uuid>
        </link>
      </WorkflowFile>
      <RightsFile>
        <link type="WEAK">
          <target><![CDATA[/system/modules/com.eurelis.opencms.workflows/workflows/ValidationWorkflows_Config.xml]]></target>
          <uuid>94d6065b-ec86-11dd-980e-2d49c3353fb8</uuid>
        </link>
      </RightsFile>
    </Instance>
  </ListWorkflowType>
</ListWorkflowTypes>
