<?xml version="1.0" encoding="UTF-8"?>
<!DOCTYPE workflow PUBLIC "-//OpenSymphony Group//DTD OSWorkflow 2.8//EN" "http://www.opensymphony.com/osworkflow/workflow_2_8.dtd">
<workflow>
	<initial-actions>
		<action id="1" name="Start Workflow">
			<results>
				<unconditional-result id="7" old-status="Finished"
					status="Queued" step="2" />
			</results>
		</action>
	</initial-actions>
	<steps>
		<step id="2" name="StepOne">
			<pre-functions>
				<function type="class">
					<arg name="class.name">
						com.eurelis.opencms.workflows.functions.JustFillPropertyFunction
					</arg>
				</function>
			</pre-functions>
			<actions>
				<action id="22" name="StepOne" view="StepOne">
					<results>
						<unconditional-result id="23"
							old-status="Finished" split="21" />
					</results>
				</action>
			</actions>
		</step>
		<step id="4" name="StepTwo">
			<pre-functions>
				<function type="class">
					<arg name="class.name">
						com.eurelis.opencms.workflows.functions.JustFillPropertyFunction
					</arg>
				</function>
			</pre-functions>
			<actions>
				<action id="28" name="StepTwo" view="StepTwo">
					<results>
						<unconditional-result id="29"
							old-status="Finished" join="20" />
					</results>
				</action>
			</actions>
		</step>
		<step id="5" name="StepTwoBis">
			<pre-functions>
				<function type="class">
					<arg name="class.name">
						com.eurelis.opencms.workflows.functions.JustFillPropertyFunction
					</arg>
				</function>
			</pre-functions>
			<actions>
				<action id="30" name="StepTwoBis" view="StepTwoBis">
					<results>
						<unconditional-result id="31"
							old-status="Finished" join="20" />
					</results>
				</action>
			</actions>
		</step>
		<step id="6" name="StepThree">
			<pre-functions>
				<function type="class">
					<arg name="class.name">
						com.eurelis.opencms.workflows.functions.JustFillPropertyFunction
					</arg>
				</function>
			</pre-functions>
		</step>
	</steps>
	<splits>
		<split id="21">		
			<unconditional-result id="24" old-status="Finished"
				status="Queued" step="4" />
			<unconditional-result id="25" old-status="Finished"
				status="Queued" step="5" />
		</split>
	</splits>
	<joins>
		<join id="20">
			<conditions type="OR">
				<condition name="check.status" type="class">
					<arg name="class.name">
						com.opensymphony.workflow.util.StatusCondition
					</arg>
					<arg name="stepId">StepTwo</arg>
					<arg name="status">Finished</arg>
				</condition>
				<condition name="check.status" type="class">
					<arg name="class.name">
						com.opensymphony.workflow.util.StatusCondition
					</arg>
					<arg name="stepId">StepTwoBis</arg>
					<arg name="status">Finished</arg>
				</condition>
			</conditions>
			<unconditional-result id="32" old-status="Finished"
				status="Queued" step="6" />
		</join>
	</joins>
</workflow>