<?xml version="1.0" encoding="UTF-8"?>
<export><info><creator>Admin</creator><opencms_version>7.0.5</opencms_version><createdate>Sun, 29 Mar 2009 14:04:25 CEST</createdate><project>Offline</project><export_version>7</export_version></info><module><name>com.eurelis.opencms.workflows</name><nicename>Eurelis Workflows</nicename><group>OpenCms Workflows</group><class>com.eurelis.opencms.workflows.InitWorkflowAction</class><description><![CDATA[Un module intégrant le moteur OSWorkflow à OpenCMS]]></description><version>0.9.0</version><authorname><![CDATA[Eurelis]]></authorname><authoremail><![CDATA[contact@eurelis.com]]></authoremail><datecreated>Sun, 29 Mar 2009 14:04:25 CEST</datecreated><userinstalled></userinstalled><dateinstalled></dateinstalled><dependencies/><exportpoints><exportpoint uri="/system/modules/com.eurelis.opencms.workflows/classes/" destination="WEB-INF/classes/"/><exportpoint uri="/system/modules/com.eurelis.opencms.workflows/lib/" destination="WEB-INF/lib/"/><exportpoint uri="/system/modules/com.eurelis.opencms.workflows/config_osworkflow/" destination="WEB-INF/classes/"/><exportpoint uri="/system/modules/com.eurelis.opencms.workflows/config_HibernateSpring/" destination="WEB-INF/classes/"/></exportpoints><resources><resource uri="/system/modules/com.eurelis.opencms.workflows"/><resource uri="/system/workplace/views/workflows"/><resource uri="/system/workplace/workflows"/><resource uri="/system/workplace/resources/workflows"/></resources><parameters/><explorertypes>
     <explorertype name="workflowlist" key="fileicon.workflowlist" icon="xmlcontent.gif" reference="xmlcontent">
    <newresource page="structurecontent" uri="newresource_xmlcontent.jsp?newresourcetype=workflowlist" order="245" autosetnavigation="false" autosettitle="false" info="desc.workflowlist"/>
    <accesscontrol>
      <accessentry principal="GROUP.Administrators" permissions="+r+v+w+c"/>
    </accesscontrol>
  </explorertype>
</explorertypes><resourcetypes>
   
  <type class="org.opencms.file.types.CmsResourceTypeXmlContent" name="workflowlist" id="245">    
    <param name="schema">
      /system/modules/com.eurelis.opencms.workflows/schemas/listOfWorkflows.xsd</param>
  </type>
  
</resourcetypes></module><files><file><destination>system</destination><type>folder</type><datelastmodified>Sun, 29 Mar 2009 12:34:23 CEST</datelastmodified><userlastmodified>Admin</userlastmodified><datecreated>Sun, 29 Mar 2009 12:34:23 CEST</datecreated><usercreated>Admin</usercreated><flags>0</flags><properties/><accesscontrol/></file><file><destination>system/modules</destination><type>folder</type><datelastmodified>Sun, 29 Mar 2009 12:34:23 CEST</datelastmodified><userlastmodified>Admin</userlastmodified><datecreated>Sun, 29 Mar 2009 12:34:23 CEST</datecreated><usercreated>Admin</usercreated><flags>0</flags><properties/><accesscontrol/></file><file><destination>system/modules/com.eurelis.opencms.workflows</destination><type>folder</type><datelastmodified>Sun, 29 Mar 2009 12:34:24 CEST</datelastmodified><userlastmodified>Admin</userlastmodified><datecreated>Sun, 29 Mar 2009 12:34:24 CEST</datecreated><usercreated>Admin</usercreated><flags>0</flags><properties/><accesscontrol/></file><file><destination>system/modules/com.eurelis.opencms.workflows/conf</destination><type>folder</type><datelastmodified>Sun, 29 Mar 2009 12:34:24 CEST</datelastmodified><userlastmodified>Admin</userlastmodified><datecreated>Sun, 29 Mar 2009 12:34:24 CEST</datecreated><usercreated>Admin</usercreated><flags>0</flags><properties/><accesscontrol/></file><file><destination>system/modules/com.eurelis.opencms.workflows/config_HibernateSpring</destination><type>folder</type><datelastmodified>Sun, 29 Mar 2009 12:34:24 CEST</datelastmodified><userlastmodified>Admin</userlastmodified><datecreated>Sun, 29 Mar 2009 12:34:24 CEST</datecreated><usercreated>Admin</usercreated><flags>0</flags><properties/><accesscontrol/></file><file><destination>system/modules/com.eurelis.opencms.workflows/config_osworkflow</destination><type>folder</type><datelastmodified>Sun, 29 Mar 2009 12:34:23 CEST</datelastmodified><userlastmodified>Admin</userlastmodified><datecreated>Sun, 29 Mar 2009 12:34:23 CEST</datecreated><usercreated>Admin</usercreated><flags>0</flags><properties/><accesscontrol/></file><file><destination>system/modules/com.eurelis.opencms.workflows/config_osworkflow/config</destination><type>folder</type><datelastmodified>Sun, 29 Mar 2009 12:34:23 CEST</datelastmodified><userlastmodified>Admin</userlastmodified><datecreated>Sun, 29 Mar 2009 12:34:23 CEST</datecreated><usercreated>Admin</usercreated><flags>0</flags><properties/><accesscontrol/></file><file><destination>system/modules/com.eurelis.opencms.workflows/elements</destination><type>folder</type><datelastmodified>Sun, 29 Mar 2009 12:34:24 CEST</datelastmodified><userlastmodified>Admin</userlastmodified><datecreated>Sun, 29 Mar 2009 12:34:24 CEST</datecreated><usercreated>Admin</usercreated><flags>0</flags><properties/><accesscontrol/></file><file><destination>system/modules/com.eurelis.opencms.workflows/lib</destination><type>folder</type><datelastmodified>Thu, 01 Jan 1970 01:00:00 CET</datelastmodified><userlastmodified>Admin</userlastmodified><datecreated>Thu, 01 Jan 1970 01:00:00 CET</datecreated><usercreated>Admin</usercreated><flags>0</flags><properties/><accesscontrol/></file><file><destination>system/modules/com.eurelis.opencms.workflows/resources</destination><type>folder</type><datelastmodified>Sun, 29 Mar 2009 12:34:24 CEST</datelastmodified><userlastmodified>Admin</userlastmodified><datecreated>Sun, 29 Mar 2009 12:34:24 CEST</datecreated><usercreated>Admin</usercreated><flags>0</flags><properties/><accesscontrol/></file><file><destination>system/modules/com.eurelis.opencms.workflows/schemas</destination><type>folder</type><datelastmodified>Sun, 29 Mar 2009 12:34:24 CEST</datelastmodified><userlastmodified>Admin</userlastmodified><datecreated>Sun, 29 Mar 2009 12:34:24 CEST</datecreated><usercreated>Admin</usercreated><flags>0</flags><properties/><accesscontrol/></file><file><destination>system/modules/com.eurelis.opencms.workflows/workflows</destination><type>folder</type><datelastmodified>Sun, 29 Mar 2009 12:34:24 CEST</datelastmodified><userlastmodified>Admin</userlastmodified><datecreated>Sun, 29 Mar 2009 12:34:24 CEST</datecreated><usercreated>Admin</usercreated><flags>0</flags><properties/><accesscontrol/></file><file><destination>system/workplace</destination><type>folder</type><datelastmodified>Sun, 29 Mar 2009 12:34:23 CEST</datelastmodified><userlastmodified>Admin</userlastmodified><datecreated>Sun, 29 Mar 2009 12:34:23 CEST</datecreated><usercreated>Admin</usercreated><flags>0</flags><properties/><accesscontrol/></file><file><destination>system/workplace/resources</destination><type>folder</type><datelastmodified>Sun, 29 Mar 2009 12:34:21 CEST</datelastmodified><userlastmodified>Admin</userlastmodified><datecreated>Sun, 29 Mar 2009 12:34:21 CEST</datecreated><usercreated>Admin</usercreated><flags>0</flags><properties/><accesscontrol/></file><file><destination>system/workplace/resources/workflows</destination><type>folder</type><datelastmodified>Sun, 29 Mar 2009 12:34:21 CEST</datelastmodified><userlastmodified>Admin</userlastmodified><datecreated>Sun, 29 Mar 2009 12:34:21 CEST</datecreated><usercreated>Admin</usercreated><flags>0</flags><properties/><accesscontrol/></file><file><destination>system/workplace/resources/workflows/javascript</destination><type>folder</type><datelastmodified>Sun, 29 Mar 2009 12:34:21 CEST</datelastmodified><userlastmodified>Admin</userlastmodified><datecreated>Sun, 29 Mar 2009 12:34:21 CEST</datecreated><usercreated>Admin</usercreated><flags>0</flags><properties/><accesscontrol/></file><file><destination>system/workplace/resources/workflows/ui</destination><type>folder</type><datelastmodified>Sun, 29 Mar 2009 12:34:21 CEST</datelastmodified><userlastmodified>Admin</userlastmodified><datecreated>Sun, 29 Mar 2009 12:34:21 CEST</datecreated><usercreated>Admin</usercreated><flags>0</flags><properties/><accesscontrol/></file><file><destination>system/workplace/resources/workflows/ui/icon</destination><type>folder</type><datelastmodified>Sun, 29 Mar 2009 12:34:22 CEST</datelastmodified><userlastmodified>Admin</userlastmodified><datecreated>Sun, 29 Mar 2009 12:34:22 CEST</datecreated><usercreated>Admin</usercreated><flags>0</flags><properties/><accesscontrol/></file><file><destination>system/workplace/resources/workflows/ui/icon/original</destination><type>folder</type><datelastmodified>Sun, 29 Mar 2009 12:34:21 CEST</datelastmodified><userlastmodified>Admin</userlastmodified><datecreated>Sun, 29 Mar 2009 12:34:21 CEST</datecreated><usercreated>Admin</usercreated><flags>0</flags><properties/><accesscontrol/></file><file><destination>system/workplace/views</destination><type>folder</type><datelastmodified>Sun, 29 Mar 2009 12:34:22 CEST</datelastmodified><userlastmodified>Admin</userlastmodified><datecreated>Sun, 29 Mar 2009 12:34:22 CEST</datecreated><usercreated>Admin</usercreated><flags>0</flags><properties/><accesscontrol/></file><file><destination>system/workplace/views/workflows</destination><type>folder</type><datelastmodified>Sun, 29 Mar 2009 12:34:22 CEST</datelastmodified><userlastmodified>Admin</userlastmodified><datecreated>Sun, 29 Mar 2009 12:34:22 CEST</datecreated><usercreated>Admin</usercreated><flags>0</flags><properties><property><name>Title</name><value><![CDATA[Workflows]]></value></property><property><name>default-file</name><value><![CDATA[workflows-fs.jsp]]></value></property><property><name>NavText</name><value><![CDATA[${key.GUI_WORKFLOWS_NAME_0}]]></value></property><property><name>NavPos</name><value><![CDATA[30]]></value></property></properties><accesscontrol/></file><file><destination>system/workplace/workflows</destination><type>folder</type><datelastmodified>Sun, 29 Mar 2009 12:34:23 CEST</datelastmodified><userlastmodified>Admin</userlastmodified><datecreated>Sun, 29 Mar 2009 12:34:23 CEST</datecreated><usercreated>Admin</usercreated><flags>0</flags><properties/><accesscontrol/></file><file><source>system/modules/com.eurelis.opencms.workflows/conf/module_config.txt</source><destination>system/modules/com.eurelis.opencms.workflows/conf/module_config.txt</destination><type>plain</type><datelastmodified>Sun, 29 Mar 2009 12:34:24 CEST</datelastmodified><userlastmodified>Admin</userlastmodified><datecreated>Sun, 29 Mar 2009 12:34:24 CEST</datecreated><usercreated>Admin</usercreated><flags>0</flags><properties/><accesscontrol/></file><file><source>system/modules/com.eurelis.opencms.workflows/config_HibernateSpring/osworkflow-spring-hibernate3.xml</source><destination>system/modules/com.eurelis.opencms.workflows/config_HibernateSpring/osworkflow-spring-hibernate3.xml</destination><type>plain</type><datelastmodified>Sun, 29 Mar 2009 12:34:24 CEST</datelastmodified><userlastmodified>Admin</userlastmodified><datecreated>Sun, 29 Mar 2009 12:34:24 CEST</datecreated><usercreated>Admin</usercreated><flags>0</flags><properties/><accesscontrol/></file><file><source>system/modules/com.eurelis.opencms.workflows/config_osworkflow/config/jndiservers.xml</source><destination>system/modules/com.eurelis.opencms.workflows/config_osworkflow/config/jndiservers.xml</destination><type>plain</type><datelastmodified>Sun, 29 Mar 2009 12:34:23 CEST</datelastmodified><userlastmodified>Admin</userlastmodified><datecreated>Sun, 29 Mar 2009 12:34:23 CEST</datecreated><usercreated>Admin</usercreated><flags>0</flags><properties/><accesscontrol/></file><file><source>system/modules/com.eurelis.opencms.workflows/config_osworkflow/jndi.properties</source><destination>system/modules/com.eurelis.opencms.workflows/config_osworkflow/jndi.properties</destination><type>plain</type><datelastmodified>Sun, 29 Mar 2009 12:34:23 CEST</datelastmodified><userlastmodified>Admin</userlastmodified><datecreated>Sun, 29 Mar 2009 12:34:23 CEST</datecreated><usercreated>Admin</usercreated><flags>0</flags><properties/><accesscontrol/></file><file><source>system/modules/com.eurelis.opencms.workflows/config_osworkflow/osuser.xml</source><destination>system/modules/com.eurelis.opencms.workflows/config_osworkflow/osuser.xml</destination><type>plain</type><datelastmodified>Sun, 29 Mar 2009 12:34:23 CEST</datelastmodified><userlastmodified>Admin</userlastmodified><datecreated>Sun, 29 Mar 2009 12:34:23 CEST</datecreated><usercreated>Admin</usercreated><flags>0</flags><properties/><accesscontrol/></file><file><source>system/modules/com.eurelis.opencms.workflows/config_osworkflow/osworkflow.xml</source><destination>system/modules/com.eurelis.opencms.workflows/config_osworkflow/osworkflow.xml</destination><type>plain</type><datelastmodified>Sun, 29 Mar 2009 12:34:23 CEST</datelastmodified><userlastmodified>Admin</userlastmodified><datecreated>Sun, 29 Mar 2009 12:34:23 CEST</datecreated><usercreated>Admin</usercreated><flags>0</flags><properties/><accesscontrol/></file><file><source>system/modules/com.eurelis.opencms.workflows/config_osworkflow/propertyset.xml</source><destination>system/modules/com.eurelis.opencms.workflows/config_osworkflow/propertyset.xml</destination><type>plain</type><datelastmodified>Sun, 29 Mar 2009 12:34:23 CEST</datelastmodified><userlastmodified>Admin</userlastmodified><datecreated>Sun, 29 Mar 2009 12:34:23 CEST</datecreated><usercreated>Admin</usercreated><flags>0</flags><properties/><accesscontrol/></file><file><source>system/modules/com.eurelis.opencms.workflows/lib/bsh-1.2b7.jar</source><destination>system/modules/com.eurelis.opencms.workflows/lib/bsh-1.2b7.jar</destination><type>plain</type><datelastmodified>Thu, 01 Jan 1970 01:00:00 CET</datelastmodified><userlastmodified>Admin</userlastmodified><datecreated>Thu, 01 Jan 1970 01:00:00 CET</datecreated><usercreated>Admin</usercreated><flags>0</flags><properties/><accesscontrol/></file><file><source>system/modules/com.eurelis.opencms.workflows/lib/hibernate-annotations.jar</source><destination>system/modules/com.eurelis.opencms.workflows/lib/hibernate-annotations.jar</destination><type>plain</type><datelastmodified>Thu, 01 Jan 1970 01:00:00 CET</datelastmodified><userlastmodified>Admin</userlastmodified><datecreated>Thu, 01 Jan 1970 01:00:00 CET</datecreated><usercreated>Admin</usercreated><flags>0</flags><properties/><accesscontrol/></file><file><source>system/modules/com.eurelis.opencms.workflows/lib/hibernate-entitymanager.jar</source><destination>system/modules/com.eurelis.opencms.workflows/lib/hibernate-entitymanager.jar</destination><type>plain</type><datelastmodified>Thu, 01 Jan 1970 01:00:00 CET</datelastmodified><userlastmodified>Admin</userlastmodified><datecreated>Thu, 01 Jan 1970 01:00:00 CET</datecreated><usercreated>Admin</usercreated><flags>0</flags><properties/><accesscontrol/></file><file><source>system/modules/com.eurelis.opencms.workflows/lib/hibernate3.jar</source><destination>system/modules/com.eurelis.opencms.workflows/lib/hibernate3.jar</destination><type>plain</type><datelastmodified>Thu, 01 Jan 1970 01:00:00 CET</datelastmodified><userlastmodified>Admin</userlastmodified><datecreated>Thu, 01 Jan 1970 01:00:00 CET</datecreated><usercreated>Admin</usercreated><flags>0</flags><properties/><accesscontrol/></file><file><source>system/modules/com.eurelis.opencms.workflows/lib/jaxb-api-2.1.jar</source><destination>system/modules/com.eurelis.opencms.workflows/lib/jaxb-api-2.1.jar</destination><type>plain</type><datelastmodified>Thu, 01 Jan 1970 01:00:00 CET</datelastmodified><userlastmodified>Admin</userlastmodified><datecreated>Thu, 01 Jan 1970 01:00:00 CET</datecreated><usercreated>Admin</usercreated><flags>0</flags><properties/><accesscontrol/></file><file><source>system/modules/com.eurelis.opencms.workflows/lib/jaxb-impl-2.1.8.jar</source><destination>system/modules/com.eurelis.opencms.workflows/lib/jaxb-impl-2.1.8.jar</destination><type>plain</type><datelastmodified>Thu, 01 Jan 1970 01:00:00 CET</datelastmodified><userlastmodified>Admin</userlastmodified><datecreated>Thu, 01 Jan 1970 01:00:00 CET</datecreated><usercreated>Admin</usercreated><flags>0</flags><properties/><accesscontrol/></file><file><source>system/modules/com.eurelis.opencms.workflows/lib/jaxb-xjc.jar</source><destination>system/modules/com.eurelis.opencms.workflows/lib/jaxb-xjc.jar</destination><type>plain</type><datelastmodified>Thu, 01 Jan 1970 01:00:00 CET</datelastmodified><userlastmodified>Admin</userlastmodified><datecreated>Thu, 01 Jan 1970 01:00:00 CET</datecreated><usercreated>Admin</usercreated><flags>0</flags><properties/><accesscontrol/></file><file><source>system/modules/com.eurelis.opencms.workflows/lib/jdom-1.0.jar</source><destination>system/modules/com.eurelis.opencms.workflows/lib/jdom-1.0.jar</destination><type>plain</type><datelastmodified>Thu, 01 Jan 1970 01:00:00 CET</datelastmodified><userlastmodified>Admin</userlastmodified><datecreated>Thu, 01 Jan 1970 01:00:00 CET</datecreated><usercreated>Admin</usercreated><flags>0</flags><properties/><accesscontrol/></file><file><source>system/modules/com.eurelis.opencms.workflows/lib/mysql-connector-java-5.0.7-bin.jar</source><destination>system/modules/com.eurelis.opencms.workflows/lib/mysql-connector-java-5.0.7-bin.jar</destination><type>plain</type><datelastmodified>Thu, 01 Jan 1970 01:00:00 CET</datelastmodified><userlastmodified>Admin</userlastmodified><datecreated>Thu, 01 Jan 1970 01:00:00 CET</datecreated><usercreated>Admin</usercreated><flags>0</flags><properties/><accesscontrol/></file><file><source>system/modules/com.eurelis.opencms.workflows/lib/oscore-2.2.5.jar</source><destination>system/modules/com.eurelis.opencms.workflows/lib/oscore-2.2.5.jar</destination><type>plain</type><datelastmodified>Thu, 01 Jan 1970 01:00:00 CET</datelastmodified><userlastmodified>Admin</userlastmodified><datecreated>Thu, 01 Jan 1970 01:00:00 CET</datecreated><usercreated>Admin</usercreated><flags>0</flags><properties/><accesscontrol/></file><file><source>system/modules/com.eurelis.opencms.workflows/lib/osuser-1.0-dev-2Feb05.jar</source><destination>system/modules/com.eurelis.opencms.workflows/lib/osuser-1.0-dev-2Feb05.jar</destination><type>plain</type><datelastmodified>Thu, 01 Jan 1970 01:00:00 CET</datelastmodified><userlastmodified>Admin</userlastmodified><datecreated>Thu, 01 Jan 1970 01:00:00 CET</datecreated><usercreated>Admin</usercreated><flags>0</flags><properties/><accesscontrol/></file><file><source>system/modules/com.eurelis.opencms.workflows/lib/osworkflow-2.8.0.jar</source><destination>system/modules/com.eurelis.opencms.workflows/lib/osworkflow-2.8.0.jar</destination><type>plain</type><datelastmodified>Thu, 01 Jan 1970 01:00:00 CET</datelastmodified><userlastmodified>Admin</userlastmodified><datecreated>Thu, 01 Jan 1970 01:00:00 CET</datecreated><usercreated>Admin</usercreated><flags>0</flags><properties/><accesscontrol/></file><file><source>system/modules/com.eurelis.opencms.workflows/lib/propertyset-1.4.jar</source><destination>system/modules/com.eurelis.opencms.workflows/lib/propertyset-1.4.jar</destination><type>plain</type><datelastmodified>Thu, 01 Jan 1970 01:00:00 CET</datelastmodified><userlastmodified>Admin</userlastmodified><datecreated>Thu, 01 Jan 1970 01:00:00 CET</datecreated><usercreated>Admin</usercreated><flags>0</flags><properties/><accesscontrol/></file><file><source>system/modules/com.eurelis.opencms.workflows/lib/propertyset-hibernate-1.4.jar</source><destination>system/modules/com.eurelis.opencms.workflows/lib/propertyset-hibernate-1.4.jar</destination><type>plain</type><datelastmodified>Thu, 01 Jan 1970 01:00:00 CET</datelastmodified><userlastmodified>Admin</userlastmodified><datecreated>Thu, 01 Jan 1970 01:00:00 CET</datecreated><usercreated>Admin</usercreated><flags>0</flags><properties/><accesscontrol/></file><file><source>system/modules/com.eurelis.opencms.workflows/lib/spring-test.jar</source><destination>system/modules/com.eurelis.opencms.workflows/lib/spring-test.jar</destination><type>plain</type><datelastmodified>Thu, 01 Jan 1970 01:00:00 CET</datelastmodified><userlastmodified>Admin</userlastmodified><datecreated>Thu, 01 Jan 1970 01:00:00 CET</datecreated><usercreated>Admin</usercreated><flags>0</flags><properties/><accesscontrol/></file><file><source>system/modules/com.eurelis.opencms.workflows/lib/spring.jar</source><destination>system/modules/com.eurelis.opencms.workflows/lib/spring.jar</destination><type>plain</type><datelastmodified>Thu, 01 Jan 1970 01:00:00 CET</datelastmodified><userlastmodified>Admin</userlastmodified><datecreated>Thu, 01 Jan 1970 01:00:00 CET</datecreated><usercreated>Admin</usercreated><flags>0</flags><properties/><accesscontrol/></file><file><source>system/modules/com.eurelis.opencms.workflows/lib/stax-1.1.2-dev.jar</source><destination>system/modules/com.eurelis.opencms.workflows/lib/stax-1.1.2-dev.jar</destination><type>plain</type><datelastmodified>Thu, 01 Jan 1970 01:00:00 CET</datelastmodified><userlastmodified>Admin</userlastmodified><datecreated>Thu, 01 Jan 1970 01:00:00 CET</datecreated><usercreated>Admin</usercreated><flags>0</flags><properties/><accesscontrol/></file><file><source>system/modules/com.eurelis.opencms.workflows/lib/stax-api-1.0.jar</source><destination>system/modules/com.eurelis.opencms.workflows/lib/stax-api-1.0.jar</destination><type>plain</type><datelastmodified>Thu, 01 Jan 1970 01:00:00 CET</datelastmodified><userlastmodified>Admin</userlastmodified><datecreated>Thu, 01 Jan 1970 01:00:00 CET</datecreated><usercreated>Admin</usercreated><flags>0</flags><properties/><accesscontrol/></file><file><source>system/modules/com.eurelis.opencms.workflows/lib/wsdl4j-1.4.jar</source><destination>system/modules/com.eurelis.opencms.workflows/lib/wsdl4j-1.4.jar</destination><type>plain</type><datelastmodified>Thu, 01 Jan 1970 01:00:00 CET</datelastmodified><userlastmodified>Admin</userlastmodified><datecreated>Thu, 01 Jan 1970 01:00:00 CET</datecreated><usercreated>Admin</usercreated><flags>0</flags><properties/><accesscontrol/></file><file><source>system/modules/com.eurelis.opencms.workflows/lib/xfire-aegis.jar</source><destination>system/modules/com.eurelis.opencms.workflows/lib/xfire-aegis.jar</destination><type>plain</type><datelastmodified>Thu, 01 Jan 1970 01:00:00 CET</datelastmodified><userlastmodified>Admin</userlastmodified><datecreated>Thu, 01 Jan 1970 01:00:00 CET</datecreated><usercreated>Admin</usercreated><flags>0</flags><properties/><accesscontrol/></file><file><source>system/modules/com.eurelis.opencms.workflows/lib/xfire-core.jar</source><destination>system/modules/com.eurelis.opencms.workflows/lib/xfire-core.jar</destination><type>plain</type><datelastmodified>Thu, 01 Jan 1970 01:00:00 CET</datelastmodified><userlastmodified>Admin</userlastmodified><datecreated>Thu, 01 Jan 1970 01:00:00 CET</datecreated><usercreated>Admin</usercreated><flags>0</flags><properties/><accesscontrol/></file><file><source>system/modules/com.eurelis.opencms.workflows/schemas/allowance.xsd</source><destination>system/modules/com.eurelis.opencms.workflows/schemas/allowance.xsd</destination><type>plain</type><datelastmodified>Sun, 29 Mar 2009 12:34:23 CEST</datelastmodified><userlastmodified>Admin</userlastmodified><datecreated>Sun, 29 Mar 2009 12:34:23 CEST</datecreated><usercreated>Admin</usercreated><flags>0</flags><properties/><accesscontrol/></file><file><source>system/modules/com.eurelis.opencms.workflows/schemas/listOfWorkflows.xsd</source><destination>system/modules/com.eurelis.opencms.workflows/schemas/listOfWorkflows.xsd</destination><type>plain</type><datelastmodified>Sun, 29 Mar 2009 12:34:23 CEST</datelastmodified><userlastmodified>Admin</userlastmodified><datecreated>Sun, 29 Mar 2009 12:34:23 CEST</datecreated><usercreated>Admin</usercreated><flags>0</flags><properties/><accesscontrol/></file><file><source>system/modules/com.eurelis.opencms.workflows/schemas/listOfWorkflowsElement.xsd</source><destination>system/modules/com.eurelis.opencms.workflows/schemas/listOfWorkflowsElement.xsd</destination><type>plain</type><datelastmodified>Sun, 29 Mar 2009 12:34:23 CEST</datelastmodified><userlastmodified>Admin</userlastmodified><datecreated>Sun, 29 Mar 2009 12:34:23 CEST</datecreated><usercreated>Admin</usercreated><flags>0</flags><properties/><accesscontrol/></file><file><source>system/modules/com.eurelis.opencms.workflows/schemas/listworkflow.xsd</source><destination>system/modules/com.eurelis.opencms.workflows/schemas/listworkflow.xsd</destination><type>plain</type><datelastmodified>Sun, 29 Mar 2009 12:34:23 CEST</datelastmodified><userlastmodified>Admin</userlastmodified><datecreated>Sun, 29 Mar 2009 12:34:23 CEST</datecreated><usercreated>Admin</usercreated><flags>0</flags><properties/><accesscontrol/></file><file><source>system/modules/com.eurelis.opencms.workflows/schemas/workflowPropertyContainer.xsd</source><destination>system/modules/com.eurelis.opencms.workflows/schemas/workflowPropertyContainer.xsd</destination><type>plain</type><datelastmodified>Sun, 29 Mar 2009 12:34:23 CEST</datelastmodified><userlastmodified>Admin</userlastmodified><datecreated>Sun, 29 Mar 2009 12:34:23 CEST</datecreated><usercreated>Admin</usercreated><flags>0</flags><properties/><accesscontrol/></file><file><source>system/modules/com.eurelis.opencms.workflows/workflows/ValidationWorkflow.xml</source><destination>system/modules/com.eurelis.opencms.workflows/workflows/ValidationWorkflow.xml</destination><type>plain</type><datelastmodified>Sun, 29 Mar 2009 12:34:24 CEST</datelastmodified><userlastmodified>Admin</userlastmodified><datecreated>Sun, 29 Mar 2009 12:34:24 CEST</datecreated><usercreated>Admin</usercreated><flags>0</flags><properties/><accesscontrol/></file><file><source>system/modules/com.eurelis.opencms.workflows/workflows/ValidationWorkflows_Config.xml</source><destination>system/modules/com.eurelis.opencms.workflows/workflows/ValidationWorkflows_Config.xml</destination><type>plain</type><datelastmodified>Sun, 29 Mar 2009 12:34:24 CEST</datelastmodified><userlastmodified>Admin</userlastmodified><datecreated>Sun, 29 Mar 2009 12:34:24 CEST</datecreated><usercreated>Admin</usercreated><flags>0</flags><properties/><accesscontrol/></file><file><source>system/modules/com.eurelis.opencms.workflows/workflows/example.xml</source><destination>system/modules/com.eurelis.opencms.workflows/workflows/example.xml</destination><type>plain</type><datelastmodified>Sun, 29 Mar 2009 12:34:24 CEST</datelastmodified><userlastmodified>Admin</userlastmodified><datecreated>Sun, 29 Mar 2009 12:34:24 CEST</datecreated><usercreated>Admin</usercreated><flags>0</flags><properties/><accesscontrol/></file><file><source>system/modules/com.eurelis.opencms.workflows/workflows/listOfLoadableWorkflows.xml</source><destination>system/modules/com.eurelis.opencms.workflows/workflows/listOfLoadableWorkflows.xml</destination><type>workflowlist</type><datelastmodified>Sun, 29 Mar 2009 12:34:24 CEST</datelastmodified><userlastmodified>Admin</userlastmodified><datecreated>Sun, 29 Mar 2009 12:34:24 CEST</datecreated><usercreated>Admin</usercreated><flags>0</flags><properties/><accesscontrol/></file><file><source>system/modules/com.eurelis.opencms.workflows/workflows/mySimpleWorkFlow.xml</source><destination>system/modules/com.eurelis.opencms.workflows/workflows/mySimpleWorkFlow.xml</destination><type>plain</type><datelastmodified>Sun, 29 Mar 2009 12:34:24 CEST</datelastmodified><userlastmodified>Admin</userlastmodified><datecreated>Sun, 29 Mar 2009 12:34:24 CEST</datecreated><usercreated>Admin</usercreated><flags>0</flags><properties/><accesscontrol/></file><file><source>system/modules/com.eurelis.opencms.workflows/workflows/mySimpleWorkflow-allowance.old.xml</source><destination>system/modules/com.eurelis.opencms.workflows/workflows/mySimpleWorkflow-allowance.old.xml</destination><type>plain</type><datelastmodified>Sun, 29 Mar 2009 12:34:24 CEST</datelastmodified><userlastmodified>Admin</userlastmodified><datecreated>Sun, 29 Mar 2009 12:34:24 CEST</datecreated><usercreated>Admin</usercreated><flags>0</flags><properties/><accesscontrol/></file><file><source>system/modules/com.eurelis.opencms.workflows/workflows/mySimpleWorkflow-allowance.xml</source><destination>system/modules/com.eurelis.opencms.workflows/workflows/mySimpleWorkflow-allowance.xml</destination><type>plain</type><datelastmodified>Sun, 29 Mar 2009 12:34:24 CEST</datelastmodified><userlastmodified>Admin</userlastmodified><datecreated>Sun, 29 Mar 2009 12:34:24 CEST</datecreated><usercreated>Admin</usercreated><flags>0</flags><properties/><accesscontrol/></file><file><source>system/modules/com.eurelis.opencms.workflows/workflows/workflows.xml</source><destination>system/modules/com.eurelis.opencms.workflows/workflows/workflows.xml</destination><type>plain</type><datelastmodified>Sun, 29 Mar 2009 12:34:24 CEST</datelastmodified><userlastmodified>Admin</userlastmodified><datecreated>Sun, 29 Mar 2009 12:34:24 CEST</datecreated><usercreated>Admin</usercreated><flags>0</flags><properties/><accesscontrol/></file><file><source>system/workplace/resources/workflows/javascript/javascriptFragmentForWorkflowsSelector.txt</source><destination>system/workplace/resources/workflows/javascript/javascriptFragmentForWorkflowsSelector.txt</destination><type>plain</type><datelastmodified>Sun, 29 Mar 2009 12:34:21 CEST</datelastmodified><userlastmodified>Admin</userlastmodified><datecreated>Sun, 29 Mar 2009 12:34:21 CEST</datecreated><usercreated>Admin</usercreated><flags>0</flags><properties/><accesscontrol/></file><file><source>system/workplace/resources/workflows/ui/icon/active.png</source><destination>system/workplace/resources/workflows/ui/icon/active.png</destination><type>image</type><datelastmodified>Sun, 29 Mar 2009 12:34:22 CEST</datelastmodified><userlastmodified>Admin</userlastmodified><datecreated>Sun, 29 Mar 2009 12:34:22 CEST</datecreated><usercreated>Admin</usercreated><flags>0</flags><properties/><accesscontrol/></file><file><source>system/workplace/resources/workflows/ui/icon/deletecontent.png</source><destination>system/workplace/resources/workflows/ui/icon/deletecontent.png</destination><type>image</type><datelastmodified>Sun, 29 Mar 2009 12:34:21 CEST</datelastmodified><userlastmodified>Admin</userlastmodified><datecreated>Sun, 29 Mar 2009 12:34:21 CEST</datecreated><usercreated>Admin</usercreated><flags>0</flags><properties/><accesscontrol/></file><file><source>system/workplace/resources/workflows/ui/icon/ended.png</source><destination>system/workplace/resources/workflows/ui/icon/ended.png</destination><type>image</type><datelastmodified>Sun, 29 Mar 2009 12:34:21 CEST</datelastmodified><userlastmodified>Admin</userlastmodified><datecreated>Sun, 29 Mar 2009 12:34:21 CEST</datecreated><usercreated>Admin</usercreated><flags>0</flags><properties/><accesscontrol/></file><file><source>system/workplace/resources/workflows/ui/icon/inactive.png</source><destination>system/workplace/resources/workflows/ui/icon/inactive.png</destination><type>image</type><datelastmodified>Sun, 29 Mar 2009 12:34:21 CEST</datelastmodified><userlastmodified>Admin</userlastmodified><datecreated>Sun, 29 Mar 2009 12:34:21 CEST</datecreated><usercreated>Admin</usercreated><flags>0</flags><properties/><accesscontrol/></file><file><source>system/workplace/resources/workflows/ui/icon/original/reload2.png</source><destination>system/workplace/resources/workflows/ui/icon/original/reload2.png</destination><type>plain</type><datelastmodified>Sun, 29 Mar 2009 12:34:21 CEST</datelastmodified><userlastmodified>Admin</userlastmodified><datecreated>Sun, 29 Mar 2009 12:34:21 CEST</datecreated><usercreated>Admin</usercreated><flags>0</flags><properties/><accesscontrol/></file><file><source>system/workplace/resources/workflows/ui/icon/original/tick.gif</source><destination>system/workplace/resources/workflows/ui/icon/original/tick.gif</destination><type>plain</type><datelastmodified>Sun, 29 Mar 2009 12:34:21 CEST</datelastmodified><userlastmodified>Admin</userlastmodified><datecreated>Sun, 29 Mar 2009 12:34:21 CEST</datecreated><usercreated>Admin</usercreated><flags>0</flags><properties/><accesscontrol/></file><file><source>system/workplace/resources/workflows/ui/icon/original/waiting.gif</source><destination>system/workplace/resources/workflows/ui/icon/original/waiting.gif</destination><type>plain</type><datelastmodified>Sun, 29 Mar 2009 12:34:21 CEST</datelastmodified><userlastmodified>Admin</userlastmodified><datecreated>Sun, 29 Mar 2009 12:34:21 CEST</datecreated><usercreated>Admin</usercreated><flags>0</flags><properties/><accesscontrol/></file><file><source>system/workplace/resources/workflows/ui/icon/original/workflow.jpeg</source><destination>system/workplace/resources/workflows/ui/icon/original/workflow.jpeg</destination><type>plain</type><datelastmodified>Sun, 29 Mar 2009 12:34:21 CEST</datelastmodified><userlastmodified>Admin</userlastmodified><datecreated>Sun, 29 Mar 2009 12:34:21 CEST</datecreated><usercreated>Admin</usercreated><flags>0</flags><properties/><accesscontrol/></file><file><source>system/workplace/resources/workflows/ui/icon/reload.png</source><destination>system/workplace/resources/workflows/ui/icon/reload.png</destination><type>image</type><datelastmodified>Sun, 29 Mar 2009 12:34:21 CEST</datelastmodified><userlastmodified>Admin</userlastmodified><datecreated>Sun, 29 Mar 2009 12:34:21 CEST</datecreated><usercreated>Admin</usercreated><flags>0</flags><properties/><accesscontrol/></file><file><source>system/workplace/resources/workflows/ui/icon/underway.png</source><destination>system/workplace/resources/workflows/ui/icon/underway.png</destination><type>image</type><datelastmodified>Sun, 29 Mar 2009 12:34:21 CEST</datelastmodified><userlastmodified>Admin</userlastmodified><datecreated>Sun, 29 Mar 2009 12:34:21 CEST</datecreated><usercreated>Admin</usercreated><flags>0</flags><properties/><accesscontrol/></file><file><source>system/workplace/resources/workflows/ui/icon/user.png</source><destination>system/workplace/resources/workflows/ui/icon/user.png</destination><type>image</type><datelastmodified>Sun, 29 Mar 2009 12:34:21 CEST</datelastmodified><userlastmodified>Admin</userlastmodified><datecreated>Sun, 29 Mar 2009 12:34:21 CEST</datecreated><usercreated>Admin</usercreated><flags>0</flags><properties/><accesscontrol/></file><file><source>system/workplace/resources/workflows/ui/icon/workflow.png</source><destination>system/workplace/resources/workflows/ui/icon/workflow.png</destination><type>image</type><datelastmodified>Sun, 29 Mar 2009 12:34:22 CEST</datelastmodified><userlastmodified>Admin</userlastmodified><datecreated>Sun, 29 Mar 2009 12:34:22 CEST</datecreated><usercreated>Admin</usercreated><flags>0</flags><properties/><accesscontrol/></file><file><source>system/workplace/views/workflows/displayWorkflows.jsp</source><destination>system/workplace/views/workflows/displayWorkflows.jsp</destination><type>jsp</type><datelastmodified>Sun, 29 Mar 2009 12:34:22 CEST</datelastmodified><userlastmodified>Admin</userlastmodified><datecreated>Sun, 29 Mar 2009 12:34:22 CEST</datecreated><usercreated>Admin</usercreated><flags>0</flags><properties><property><name>Title</name><value><![CDATA[Display workflows]]></value></property><property><name>Position</name><value><![CDATA[10  ]]></value></property><property><name>NavImage</name><value><![CDATA[workflows/ui/icon/workflow.png]]></value></property><property><name>NavText</name><value><![CDATA[This view displays all the instances of workflows that have been created]]></value></property><property><name>IsAView</name><value><![CDATA[true]]></value></property></properties><accesscontrol/></file><file><source>system/workplace/views/workflows/listOfDefinedWorkflows.jsp</source><destination>system/workplace/views/workflows/listOfDefinedWorkflows.jsp</destination><type>jsp</type><datelastmodified>Sun, 29 Mar 2009 12:34:22 CEST</datelastmodified><userlastmodified>Admin</userlastmodified><datecreated>Sun, 29 Mar 2009 12:34:22 CEST</datecreated><usercreated>Admin</usercreated><flags>0</flags><properties><property><name>Title</name><value><![CDATA[Configurated workflows ]]></value></property><property><name>RestrictedRoles</name><value><![CDATA[Root administrator|Administrator]]></value></property><property><name>Position</name><value><![CDATA[20  ]]></value></property><property><name>NavImage</name><value><![CDATA[admin/images/default_tool_small.png]]></value></property><property><name>NavText</name><value><![CDATA[This view displays all workflows currently configured]]></value></property><property><name>IsAView</name><value><![CDATA[true]]></value></property></properties><accesscontrol/></file><file><source>system/workplace/views/workflows/reloadConfigWorkflows.jsp</source><destination>system/workplace/views/workflows/reloadConfigWorkflows.jsp</destination><type>jsp</type><datelastmodified>Sun, 29 Mar 2009 12:34:22 CEST</datelastmodified><userlastmodified>Admin</userlastmodified><datecreated>Sun, 29 Mar 2009 12:34:22 CEST</datecreated><usercreated>Admin</usercreated><flags>0</flags><properties><property><name>Title</name><value><![CDATA[Reload configuration ]]></value></property><property><name>RestrictedRoles</name><value><![CDATA[Root administrator]]></value></property><property><name>Position</name><value><![CDATA[30  ]]></value></property><property><name>NavImage</name><value><![CDATA[workflows/ui/icon/reload.png]]></value></property><property><name>NavText</name><value><![CDATA[Reload all the configuration files of the workflows]]></value></property><property><name>IsAView</name><value><![CDATA[true]]></value></property></properties><accesscontrol/></file><file><source>system/workplace/views/workflows/workflows-fs.jsp</source><destination>system/workplace/views/workflows/workflows-fs.jsp</destination><type>jsp</type><datelastmodified>Sun, 29 Mar 2009 12:34:22 CEST</datelastmodified><userlastmodified>Admin</userlastmodified><datecreated>Sun, 29 Mar 2009 12:34:22 CEST</datecreated><usercreated>Admin</usercreated><flags>0</flags><properties><property><name>Title</name><value><![CDATA[Worflows Frame Set]]></value></property></properties><accesscontrol/></file><file><source>system/workplace/views/workflows/workflows-main.jsp</source><destination>system/workplace/views/workflows/workflows-main.jsp</destination><type>jsp</type><datelastmodified>Sun, 29 Mar 2009 12:34:22 CEST</datelastmodified><userlastmodified>Admin</userlastmodified><datecreated>Sun, 29 Mar 2009 12:34:22 CEST</datecreated><usercreated>Admin</usercreated><flags>0</flags><properties><property><name>Title</name><value><![CDATA[Main Frame for workflows view]]></value></property></properties><accesscontrol/></file><file><source>system/workplace/views/workflows/workflows-menu.jsp</source><destination>system/workplace/views/workflows/workflows-menu.jsp</destination><type>jsp</type><datelastmodified>Sun, 29 Mar 2009 12:34:22 CEST</datelastmodified><userlastmodified>Admin</userlastmodified><datecreated>Sun, 29 Mar 2009 12:34:22 CEST</datecreated><usercreated>Admin</usercreated><flags>0</flags><properties><property><name>Title</name><value><![CDATA[Menu Frame for workflows]]></value></property></properties><accesscontrol/></file><file><source>system/workplace/workflows/displayWorkflow.jsp</source><destination>system/workplace/workflows/displayWorkflow.jsp</destination><type>jsp</type><datelastmodified>Sun, 29 Mar 2009 12:34:23 CEST</datelastmodified><userlastmodified>Admin</userlastmodified><datecreated>Sun, 29 Mar 2009 12:34:23 CEST</datecreated><usercreated>Admin</usercreated><flags>0</flags><properties><property><name>Title</name><value><![CDATA[Display the description of a workflow]]></value></property></properties><accesscontrol/></file><file><source>system/workplace/workflows/listAvailableWorkflows.jsp</source><destination>system/workplace/workflows/listAvailableWorkflows.jsp</destination><type>jsp</type><datelastmodified>Sun, 29 Mar 2009 12:34:23 CEST</datelastmodified><userlastmodified>Admin</userlastmodified><datecreated>Sun, 29 Mar 2009 12:34:23 CEST</datecreated><usercreated>Admin</usercreated><flags>0</flags><properties><property><name>Title</name><value><![CDATA[Display the list of accessible workflows]]></value></property></properties><accesscontrol/></file></files></export>